INTEROS	Maths: produit scalaire	2019-01-29	N
PROJET	TP mécanique	2019-02-05	N
DM	Maths: produit scalaire	2019-03-29	N
DM	Maths: intégrales	2019-04-29	N
DM	Maths: primitives	2019-03-20	N
DM	Chimie: molécules	2019-05-10	N
DM	Physique: mécanique	2019-05-10	N
DM	SVT: échange de chromatides	2019-03-29	N
DM	Maths: proba	2019-03-29	N
DM	Chimie: organique	2019-05-11	N
DM	SVT: diversité du génotype	2019-03-12	N
PROJET	ISN projet	2019-04-30	N
PROJET	Vieux projet	2019-02-08	N
PROJET	SVN projet	2019-03-15	N
PROJET	Projet fin d'année	2019-02-25	N